file,status_code,latency_ms,classification,response
000.png,200,568.85,allowed,"{""id"":""ec8422ae-0fb8-4a96-99ee-de97da9b4004"",""message"":""Job saved""}"
092.png,200,176.98,allowed,"{""id"":""9836e9f6-eb3b-4271-8a42-7a1c6107b526"",""message"":""Job saved""}"
267.png,200,164.16,allowed,"{""id"":""bdbf0ff1-e4a4-4e53-9461-2a53424a262f"",""message"":""Job saved""}"
374.png,200,183.2,allowed,"{""id"":""e8f5a607-c099-438d-8ded-b93eab7ca09e"",""message"":""Job saved""}"
bear.png,200,227.5,allowed,"{""id"":""de107cff-3317-42f6-9b3c-defa6d6cf14d"",""message"":""Job saved""}"
boat.png,200,200.88,allowed,"{""id"":""b72531fd-66d0-4ec9-8a5c-6821ddb44534"",""message"":""Job saved""}"
car.png,200,193.09,allowed,"{""id"":""75df2037-80c1-4ffa-a6aa-52d27184aa31"",""message"":""Job saved""}"
elephant.png,200,187.08,allowed,"{""id"":""b039c65b-7760-4a2d-9dcc-45fb805b13da"",""message"":""Job saved""}"
giraffe.png,200,242.95,allowed,"{""id"":""dad64b4b-c47e-4b1e-b8f5-ba77780e12ba"",""message"":""Job saved""}"
house.png,200,213.33,allowed,"{""id"":""d812a579-fc17-47ea-beb1-cf6762f8499f"",""message"":""Job saved""}"
lion.png,200,240.26,allowed,"{""id"":""708a2b11-ea3c-497f-86eb-6435e0182397"",""message"":""Job saved""}"
plane.png,200,193.79,allowed,"{""id"":""89be68af-e44c-402e-aef7-a9b12bba326f"",""message"":""Job saved""}"
rit.png,200,226.5,allowed,"{""id"":""229b500b-16bb-4824-a51f-d59cb52d7785"",""message"":""Job saved""}"
tiger.png,200,212.45,allowed,"{""id"":""e172519c-3d91-4a4e-9664-6a11a3dffd89"",""message"":""Job saved""}"
train.png,200,171.71,allowed,"{""id"":""2008d98b-92fa-4747-bedf-d579e3da7658"",""message"":""Job saved""}"
